Group,Genotype,A1762T,G1764A,G1896A,G1899A,C1653T,T1753V,PreS1,PreS2
1,1,0,1,0,1,0,0,0,0
1,1,1,0,1,0,0,0,1,1
1,2,0,0,1,0,1,0,0,0
1,4,0,0,0,0,0,0,0,0
1,6,1,0,0,0,0,1,0,0
1,6,1,1,0,0,1,1,0,0
1,6,1,1,0,0,0,1,0,0
1,2,1,1,0,0,1,1,0,0
1,6,1,1,0,0,1,1,0,0
1,2,0,0,1,0,0,0,0,1
1,1,0,0,1,0,0,0,0,0
1,2,0,0,1,0,1,0,0,0
1,2,1,1,1,0,0,1,0,0
1,2,1,1,0,0,0,0,0,1
1,2,0,1,0,1,1,0,0,1
1,2,1,1,0,0,0,1,0,1
1,1,1,1,1,1,0,0,0,0
1,2,1,1,0,0,0,1,0,1
1,2,1,0,1,0,0,0,0,1
1,1,0,0,0,0,0,1,0,0
1,2,1,1,1,0,0,1,0,1
1,2,1,1,0,0,0,1,0,1
1,1,0,0,0,0,0,0,0,0
1,2,1,1,1,0,0,1,0,1
1,1,1,1,1,0,0,0,0,0
1,1,1,1,0,0,0,0,0,0
1,4,1,1,1,0,0,1,0,0
1,4,0,0,1,0,0,0,0,0
1,4,1,1,1,0,0,0,0,0
1,4,0,0,1,0,0,1,1,1
1,4,1,1,1,0,0,1,1,1
1,2,1,1,0,0,1,0,1,1
1,1,0,0,1,0,0,0,1,1
1,2,1,0,0,0,0,0,0,1
1,2,1,1,0,0,0,0,0,0
1,1,0,0,1,0,0,0,0,0
1,2,1,1,0,1,0,1,0,0
1,2,1,1,0,0,0,1,0,0
1,2,1,1,0,0,1,0,0,0
1,2,1,1,0,1,0,0,0,0
1,1,0,0,1,1,0,0,0,0
1,0,0,1,0,0,0,0,0,0
1,6,1,1,0,0,0,0,0,1
1,6,1,1,0,0,0,1,0,0
1,6,0,0,1,0,0,0,0,0
1,6,0,0,0,0,0,0,0,0
1,2,1,1,1,0,0,0,0,0
1,2,1,1,1,0,1,0,0,0
1,2,1,1,1,0,1,0,0,0
1,2,0,0,0,0,0,0,0,0
1,2,0,0,0,0,0,0,0,0
1,2,1,1,0,1,1,0,0,0
1,2,1,1,1,1,1,1,0,0
1,2,0,1,1,0,1,0,0,0
1,2,1,1,1,0,0,1,0,0
1,2,1,1,1,1,1,0,0,0
1,2,0,0,1,0,0,0,0,0
1,2,1,1,0,0,1,0,0,0
1,2,1,1,0,0,0,0,0,0
1,2,1,1,0,0,0,0,0,0
1,2,1,1,0,0,1,0,0,0
1,2,0,0,1,0,0,0,0,0
1,2,1,1,0,0,0,0,0,0
1,2,1,1,0,0,0,1,0,0
1,2,0,0,0,0,0,0,0,0
1,2,1,1,0,0,0,1,0,0
1,2,1,1,0,1,1,0,0,0
1,2,1,1,0,0,0,1,0,0
1,2,0,0,0,0,0,0,0,0
1,2,0,1,0,0,1,0,0,0
0,1,1,1,1,0,1,1,0,0
0,1,0,0,1,0,0,0,0,0
0,1,0,0,0,1,0,0,0,0
0,2,0,0,1,1,0,1,0,0
0,1,0,0,1,0,0,0,0,0
0,1,1,1,1,0,0,0,0,0
0,1,1,1,1,0,0,0,0,0
0,2,1,1,1,0,1,0,0,1
0,1,0,0,1,0,0,0,0,0
0,2,0,1,1,0,0,0,0,0
0,1,0,0,1,1,0,0,0,0
0,1,0,0,1,0,0,0,0,0
0,1,0,0,1,0,0,0,0,0
0,1,1,1,1,1,0,0,0,0
0,1,0,0,0,0,0,0,0,0
0,1,0,0,1,0,0,0,0,0
0,2,1,1,0,0,1,0,0,0
0,1,0,0,1,0,0,0,0,0
0,1,0,0,1,1,0,1,0,0
0,1,0,0,1,0,0,0,0,0
0,2,1,1,0,0,0,1,0,0
0,1,0,0,1,0,0,0,0,0
0,1,1,0,1,0,0,0,0,0
0,2,0,0,0,0,0,0,0,0
0,6,0,0,0,0,0,0,0,0
0,6,0,0,0,0,0,0,0,0
0,6,0,0,0,0,0,0,0,0
0,6,0,0,0,0,0,0,0,0
0,6,0,0,0,1,0,0,0,0
0,6,0,0,0,0,0,0,0,0
0,6,0,0,0,0,0,0,0,0
0,6,0,0,0,0,0,0,0,0
0,6,0,1,0,0,1,0,0,0
0,6,1,0,0,0,0,0,0,0
0,6,0,0,0,0,0,0,0,0
0,6,1,1,0,0,0,1,0,0
0,6,1,1,0,1,0,1,0,0
0,6,1,1,0,0,0,1,0,0
0,6,0,1,0,0,0,1,0,0
0,6,0,0,0,0,0,0,0,0
0,6,1,1,0,0,1,1,0,0
0,2,1,1,0,0,0,0,0,0
0,2,1,1,0,0,1,0,0,0
0,2,1,1,0,0,0,0,0,0
0,2,1,1,0,0,0,0,0,0
0,2,1,1,0,0,1,0,0,0
0,2,0,0,0,0,0,0,0,0
0,2,1,1,0,0,0,1,0,0
0,2,1,1,1,0,0,0,0,0
0,2,1,1,1,0,0,1,0,0
0,2,1,1,0,0,1,0,0,0
0,2,1,1,1,0,0,0,0,0
0,2,1,1,0,0,0,0,0,0
0,2,1,1,1,0,0,0,0,0
0,2,1,1,0,0,1,0,0,0
0,2,0,0,0,0,0,0,0,0
0,2,1,1,0,0,0,0,0,0
0,2,1,1,0,0,0,0,0,0
0,2,0,1,0,0,0,0,0,0
0,2,1,0,0,0,0,0,0,0
0,2,0,0,0,0,0,0,0,0
0,2,1,1,0,0,0,0,1,0
0,2,0,0,0,0,0,0,0,0
0,2,1,1,0,0,0,0,0,0
0,2,1,1,0,0,0,0,0,0
0,2,0,0,1,0,0,1,0,0
0,2,1,1,0,0,0,0,0,0
0,2,1,1,0,0,0,0,0,0
0,2,0,0,1,0,0,0,0,0
0,2,0,0,1,0,0,0,0,0
