pair,n_both,n_total,hcc_rate_none,hcc_rate_only1,hcc_rate_only2,hcc_rate_both,expected_if_additive,synergy_effect,interaction_coef,significant,synergy_type
G1764A + G1899A,11,140,43.4,52.9,16.7,81.8,26.1,55.7,1.025,False,ADDITIVE
PreS1 + PreS2,5,140,44.3,0.0,91.7,100.0,47.4,52.6,0.528,False,ADDITIVE
G1896A + PreS1,4,140,48.2,49.0,50.0,100.0,50.8,49.2,0.804,False,ADDITIVE
G1899A + C1653T,5,140,46.5,41.7,59.1,100.0,54.2,45.8,0.937,False,ADDITIVE
A1762T + T1753V,29,140,41.8,48.0,33.3,72.4,39.5,32.9,0.763,False,ADDITIVE
A1762T + G1899A,9,140,41.5,54.3,37.5,77.8,50.3,27.5,0.616,False,ADDITIVE
G1896A + C1653T,9,140,44.8,47.8,61.1,77.8,64.2,13.6,0.442,False,ADDITIVE
G1764A + T1753V,29,140,39.6,50.0,50.0,69.0,60.4,8.6,0.363,False,ADDITIVE
T1753V + PreS1,2,140,43.6,63.6,75.0,100.0,95.1,4.9,0.323,False,ADDITIVE
A1762T + G1896A,26,140,37.5,54.7,44.8,61.5,62.0,-0.5,0.1,False,ADDITIVE
C1653T + PreS1,1,140,44.4,65.4,80.0,100.0,100.9,-0.9,0.169,False,ADDITIVE
T1753V + PreS2,7,140,40.0,57.1,90.0,100.0,107.1,-7.1,0.544,False,ADDITIVE
G1764A + G1896A,25,140,34.5,55.4,46.7,60.0,67.5,-7.5,-0.057,False,ADDITIVE
G1899A + PreS2,1,140,42.1,56.2,93.8,100.0,107.9,-7.9,0.116,False,ADDITIVE
G1896A + PreS2,9,140,42.9,45.7,100.0,88.9,102.8,-13.9,0.259,False,ADDITIVE
G1896A + T1753V,13,140,41.3,50.0,68.2,61.5,76.9,-15.4,-0.231,False,ADDITIVE
A1762T + G1764A,72,140,38.5,57.1,55.6,56.9,74.2,-17.3,-0.107,False,ADDITIVE
A1762T + PreS2,13,140,36.8,50.0,100.0,92.3,113.2,-20.9,0.508,False,ADDITIVE
G1896A + G1899A,8,140,46.1,53.2,66.7,50.0,73.8,-23.8,-0.343,False,ADDITIVE
C1653T + T1753V,6,140,39.3,66.7,65.5,66.7,92.9,-26.2,-0.325,False,ADDITIVE
G1764A + PreS2,11,140,34.0,51.4,100.0,90.9,117.5,-26.6,0.286,False,ADDITIVE
A1762T + C1653T,21,140,36.4,55.2,83.3,61.9,102.1,-40.2,-0.441,False,ADDITIVE
A1762T + PreS1,4,140,39.0,56.0,100.0,75.0,117.0,-42.0,0.033,False,ADDITIVE
G1764A + C1653T,25,140,38.6,53.6,100.0,64.0,115.0,-51.0,-0.171,False,ADDITIVE
G1764A + PreS1,3,140,37.5,56.4,100.0,66.7,118.9,-52.2,-0.175,False,ADDITIVE
G1899A + T1753V,5,140,41.9,66.7,70.0,40.0,94.7,-54.7,-0.815,False,ADDITIVE
C1653T + PreS2,3,140,38.4,66.7,100.0,66.7,128.3,-61.6,-0.566,False,ADDITIVE
G1899A + PreS1,0,140,47.0,58.8,83.3,0.0,95.1,-95.1,0.0,False,ADDITIVE
